1778227728531;16817.4406;11873.8150;1.01;279.1;320.0;4
1778227730284;16817.4363;11873.8145;1.08;279.1;320.1;4
1778227732378;16817.4344;11873.8134;1.13;279.1;320.1;4
1778227733864;16817.4354;11873.8134;0.88;279.1;320.1;5
1778227735478;16817.4337;11873.8134;1.13;279.1;319.9;7
1778230198533;16817.9752;11874.4974;0.00;231.6;298.0;11
1778230201527;16817.9753;11874.4974;0.02;231.6;299.0;6
1778230204562;16817.9753;11874.4974;0.01;231.6;299.0;1
1778230206898;16817.9753;11874.4974;0.01;231.6;299.0;1
1778230210523;16817.9754;11874.4975;0.01;231.6;299.0;3
1778230213550;16817.9753;11874.4974;0.01;231.6;299.1;3
1778230216551;16817.9753;11874.4973;0.11;231.6;299.1;3
1778230219550;16817.9752;11874.4972;0.18;231.6;299.1;3
1778230220982;16817.9752;11874.4972;0.18;231.6;299.1;3
1778230222559;16817.9747;11874.4961;0.08;231.6;299.1;3
1778230225542;16817.9744;11874.4957;0.12;231.6;298.1;3
1778231245576;16818.3383;11874.9650;0.15;252.7;319.1;8
1778231248542;16818.3342;11874.9621;0.15;252.7;319.0;8
1778231251583;16818.3331;11874.9621;0.31;252.7;319.0;11
1778231254593;16818.3337;11874.9617;0.01;252.7;318.0;8
1778231257589;16818.3337;11874.9617;0.01;252.7;317.0;3
1778231260586;16818.3337;11874.9617;0.01;252.7;317.0;3
1778231262843;16818.3337;11874.9617;0.01;252.7;317.0;3
1778231266009;16818.3337;11874.9617;0.05;252.7;317.0;3
1778231269595;16818.3337;11874.9617;0.03;252.7;310.0;3
1778231272591;16818.3337;11874.9616;0.03;252.7;310.1;3
1778231275614;16818.3337;11874.9615;0.04;252.7;310.1;3
1778232199581;16818.9127;11874.6867;0.56;236.6;290.8;7
1778232202611;16818.9135;11874.6839;1.06;236.7;290.8;9
1778232205591;16818.9149;11874.6826;0.89;236.7;290.7;14
1778232206959;16818.9146;11874.6826;0.71;236.7;290.7;11
1778232208302;16818.9152;11874.6821;0.80;236.7;290.6;11
1778232210216;16818.9165;11874.6821;0.76;236.7;290.6;10
1778232214620;16818.9227;11874.6827;0.42;235.5;290.4;7
1778232217446;16818.9228;11874.6830;0.07;235.5;290.3;7
1778232220586;16818.9233;11874.6841;0.05;235.5;289.3;3
1778232223603;16818.9233;11874.6842;0.07;235.5;289.2;3
1778232225728;16818.9234;11874.6844;0.09;235.5;289.2;3
1778232227607;16818.9247;11874.6846;0.32;235.5;289.2;3
1778232229609;16818.9263;11874.6845;0.69;235.5;289.2;3
1778232231351;16818.9292;11874.6835;0.96;235.5;289.2;3
1778232233210;16818.9318;11874.6826;1.01;235.5;289.2;4
1778232235094;16818.9340;11874.6821;0.94;235.5;289.2;4
1778232237020;16818.9366;11874.6827;0.98;235.5;289.0;4
1778232238606;16818.9387;11874.6829;1.05;235.5;289.0;5
1778232239966;16818.9418;11874.6844;1.02;235.5;288.8;4
1778232241615;16818.9434;11874.6844;1.00;235.5;288.7;4
1778232242981;16818.9453;11874.6843;1.04;235.5;288.6;4
1778232244573;16818.9476;11874.6837;1.08;235.5;288.5;4
1778232246826;16818.9497;11874.6836;1.06;234.2;288.4;4
1778232248447;16818.9522;11874.6823;1.00;234.2;288.4;4
1778232250214;16818.9542;11874.6809;1.01;234.2;288.2;4
1778232252061;16818.9568;11874.6799;1.03;234.2;288.1;4
1778232253594;16818.9586;11874.6788;1.05;234.2;288.0;4
1778232255588;16818.9613;11874.6774;1.06;234.2;288.0;4
1778232258004;16818.9644;11874.6767;1.03;234.2;281.9;4
1778232259600;16818.9660;11874.6757;1.01;234.2;282.0;4
1778232260968;16818.9677;11874.6748;1.06;234.2;281.9;4
1778232262605;16818.9694;11874.6736;1.02;234.2;281.9;4
1778232264506;16818.9713;11874.6720;1.04;234.2;281.9;4
1778232266203;16818.9731;11874.6707;1.05;234.2;281.9;4
1778232268059;16818.9752;11874.6694;1.08;234.2;281.7;4
1778232269929;16818.9773;11874.6674;1.08;234.2;281.7;4
1778232271612;16818.9787;11874.6660;1.04;232.4;281.7;4
1778232273399;16818.9808;11874.6647;1.08;232.4;281.6;4
1778232275121;16818.9829;11874.6635;1.11;232.4;281.4;4
1778232276955;16818.9853;11874.6620;1.09;232.4;281.4;4
1778232278673;16818.9868;11874.6612;1.02;232.4;281.1;3
1778232280062;16818.9885;11874.6602;1.06;232.4;280.9;3
1778232282142;16818.9903;11874.6586;1.02;232.4;280.8;3
1778232283561;16818.9905;11874.6568;0.99;232.2;280.7;4
1778232285215;16818.9905;11874.6553;0.95;232.2;280.6;4
1778232286896;16818.9909;11874.6540;0.98;232.2;280.5;4
1778232288814;16818.9912;11874.6518;0.96;232.2;280.3;3
1778232290742;16818.9923;11874.6499;1.10;232.2;280.1;3
1778232292632;16818.9938;11874.6480;1.01;232.2;279.9;4
1778232294092;16818.9965;11874.6479;1.05;232.2;279.8;3
1778232295624;16818.9980;11874.6468;1.02;232.2;279.6;4
1778232297088;16819.0007;11874.6465;1.08;232.2;279.5;4
1778232298617;16819.0024;11874.6454;1.10;232.2;279.3;4
1778232300418;16819.0051;11874.6446;1.12;232.2;279.2;4
1778232302056;16819.0069;11874.6434;1.08;232.2;279.0;4
1778232303800;16819.0086;11874.6417;1.09;229.5;278.8;3
1778232305150;16819.0100;11874.6406;1.06;229.5;278.7;4
1778232306903;16819.0119;11874.6391;1.05;229.5;278.6;4
1778232308858;16819.0137;11874.6381;1.01;229.5;278.3;4
1778232310616;16819.0150;11874.6371;0.97;229.5;278.4;3
1778232312016;16819.0162;11874.6359;0.95;229.5;278.3;3
1778232313621;16819.0170;11874.6346;0.88;229.5;278.2;3
1778232315236;16819.0180;11874.6338;0.86;229.5;278.2;3
1778232316595;16819.0189;11874.6328;0.88;229.5;278.1;3
1778232320166;16819.0196;11874.6313;0.99;229.5;278.0;4
1778232321639;16819.0217;11874.6275;1.11;230.2;278.1;5
1778232323393;16819.0233;11874.6269;1.07;230.2;278.0;7
1778232324872;16819.0240;11874.6253;0.95;230.2;277.6;7
1778232326629;16819.0242;11874.6239;0.92;230.2;277.4;9
1778232328164;16819.0265;11874.6220;1.11;230.2;277.3;10
1778232329457;16819.0283;11874.6205;1.23;230.2;277.1;11
1778232331310;16819.0304;11874.6185;1.24;230.2;277.0;11
1778232332969;16819.0327;11874.6173;1.19;230.2;276.8;12
1778232335356;16819.0360;11874.6158;1.15;230.2;276.4;11
1778232337833;16819.0400;11874.6152;1.22;228.4;276.5;11
1778232340371;16819.0434;11874.6141;1.31;228.4;276.2;10
1778232342244;16819.0456;11874.6130;1.27;228.4;275.9;10
1778232343953;16819.0483;11874.6115;1.24;228.4;276.0;10
1778232346236;16819.0502;11874.6101;1.23;228.4;276.2;10
1778232348214;16819.0523;11874.6086;1.22;228.4;276.2;10
1778232349997;16819.0539;11874.6068;1.09;228.4;276.2;10
1778232351356;16819.0544;11874.6049;1.07;228.4;276.3;10
1778232353322;16819.0552;11874.6026;1.00;228.4;276.1;10
1778232354794;16819.0556;11874.6012;0.94;230.1;276.2;10
1778232356528;16819.0563;11874.5998;0.74;230.1;276.2;10
1778232359627;16819.0564;11874.5985;0.22;230.1;276.5;10
1778232361321;16819.0557;11874.5995;0.12;230.1;276.5;10
1778232364942;16819.0551;11874.5999;0.12;230.1;276.5;9
1778232368634;16819.0542;11874.6001;0.07;230.1;276.6;8
1778232371623;16819.0524;11874.6031;0.02;228.4;276.8;5
1778232374651;16819.0522;11874.6038;0.05;228.4;276.3;3
1778232376378;16819.0522;11874.6037;0.15;228.4;276.3;3
1778232378118;16819.0528;11874.6035;0.36;228.4;276.3;3
1778232379683;16819.0549;11874.6026;0.88;228.4;276.2;4
1778232381245;16819.0597;11874.6013;0.99;230.1;276.2;5
1778232382945;16819.0625;11874.6014;1.01;230.1;276.1;5
1778232384703;16819.0651;11874.6029;1.04;228.4;276.2;5
1778232386486;16819.0670;11874.6043;1.02;227.5;276.1;4
1778232388095;16819.0682;11874.6062;0.90;227.5;275.8;4
1778232389613;16819.0687;11874.6073;0.82;227.5;275.7;4
1778232391076;16819.0690;11874.6094;0.83;227.5;275.6;4
1778232392608;16819.0701;11874.6109;0.91;227.5;275.5;4
1778232394211;16819.0713;11874.6130;0.92;227.5;275.5;4
1778232396022;16819.0722;11874.6152;0.95;227.5;275.3;4
1778232397381;16819.0728;11874.6168;0.91;227.5;275.2;5
1778232399306;16819.0731;11874.6191;0.89;227.5;275.3;5
1778232401176;16819.0736;11874.6211;0.87;227.5;275.2;5
1778232403053;16819.0743;11874.6228;0.88;227.5;275.2;5
1778232404619;16819.0748;11874.6237;0.80;227.5;275.1;5
1778232407615;16819.0755;11874.6243;0.21;227.5;275.2;4
1778232409109;16819.0754;11874.6242;0.13;227.5;275.2;4
1778232410624;16819.0752;11874.6241;0.08;227.5;275.0;3
1778232412382;16819.0750;11874.6240;0.10;227.5;275.0;3
1778232414994;16819.0738;11874.6224;0.36;227.5;275.7;3
1778232416429;16819.0723;11874.6200;0.87;227.5;275.7;4
1778232418099;16819.0709;11874.6173;0.99;227.5;275.3;4
1778232419624;16819.0702;11874.6154;1.06;227.5;275.8;4
1778232421226;16819.0688;11874.6132;1.08;227.5;275.8;4
1778232422884;16819.0675;11874.6111;1.10;227.5;275.8;4
1778232424706;16819.0661;11874.6087;1.11;227.5;275.8;3
1778232426634;16819.0652;11874.6063;1.09;228.4;276.0;3
1778232428505;16819.0640;11874.6041;1.00;228.4;276.1;3
1778232430305;16819.0627;11874.6022;1.05;228.4;275.6;3
1778232431680;16819.0611;11874.6013;1.00;230.1;276.0;3
1778232433542;16819.0594;11874.6005;1.00;230.1;276.1;4
1778232435648;16819.0577;11874.5990;0.98;230.1;276.3;4
1778232437008;16819.0562;11874.5980;1.01;230.1;276.3;4
1778232438458;16819.0547;11874.5971;0.96;230.1;276.7;4
1778232440213;16819.0528;11874.5959;1.00;230.1;276.9;4
1778232441752;16819.0514;11874.5952;0.97;230.1;276.9;4
1778232443499;16819.0494;11874.5937;1.00;230.1;277.0;4
1778232444875;16819.0489;11874.5922;1.05;230.1;277.0;4
1778232446646;16819.0487;11874.5905;1.10;230.1;277.0;4
1778232448002;16819.0491;11874.5891;1.08;230.1;277.1;4
1778232449634;16819.0491;11874.5868;1.10;230.1;277.4;5
1778232451092;16819.0490;11874.5844;1.11;230.1;277.5;5
1778232452624;16819.0494;11874.5823;1.10;230.1;277.6;5
1778232454318;16819.0494;11874.5803;1.06;230.1;277.7;5
1778232456320;16819.0494;11874.5781;0.98;230.1;277.8;5
1778232458346;16819.0497;11874.5757;0.97;230.1;278.0;5
1778232460010;16819.0494;11874.5742;0.90;230.1;277.8;5
1778232461486;16819.0492;11874.5726;0.85;231.3;277.9;5
1778232462932;16819.0491;11874.5719;0.83;231.3;278.1;5
1778232464348;16819.0489;11874.5703;0.91;231.3;278.2;5
1778232466216;16819.0486;11874.5686;0.96;231.3;278.2;5
1778232467889;16819.0486;11874.5666;1.01;231.3;278.5;4
1778232469419;16819.0485;11874.5647;1.02;231.3;278.6;4
1778232471347;16819.0492;11874.5625;1.01;231.3;278.6;4
1778232472721;16819.0499;11874.5608;0.99;231.3;278.6;4
1778232474153;16819.0504;11874.5593;0.96;231.3;278.4;4
1778232475519;16819.0503;11874.5571;1.00;231.3;278.5;4
1778232641603;16819.0889;11874.4120;0.71;226.5;274.7;7
1778232643922;16819.0915;11874.4096;0.86;226.5;275.0;8
1778232647596;16819.0927;11874.4074;0.84;226.5;274.5;13
1778232649227;16819.0916;11874.4067;0.81;226.5;274.5;10
1778232650681;16819.0908;11874.4057;0.65;226.5;274.5;9
1778232653646;16819.0905;11874.4050;0.15;226.5;274.6;8
1778232656666;16819.0887;11874.4049;0.04;226.5;274.5;4
1778232659652;16819.0885;11874.4048;0.03;226.5;274.5;3
1778232661547;16819.0884;11874.4048;0.09;226.5;274.5;3
1778232663375;16819.0879;11874.4041;0.40;226.5;274.3;3
1778232665192;16819.0864;11874.4028;0.71;226.5;274.3;3
1778232667057;16819.0860;11874.3995;0.97;224.8;274.7;3
1778232668667;16819.0854;11874.3975;1.04;224.8;274.5;4
1778232669986;16819.0869;11874.3949;1.00;224.8;274.3;4
1778232671635;16819.0870;11874.3927;1.00;224.8;273.7;4
1778232673070;16819.0882;11874.3901;0.95;224.8;273.5;4
1778232674633;16819.0882;11874.3886;1.01;224.8;273.9;4
1778233008634;16819.1412;11874.0584;0.51;213.4;258.8;9
1778233011632;16819.1386;11874.0563;1.66;213.4;259.0;12
1778233014635;16819.1354;11874.0591;1.62;213.4;258.5;19
1778233016431;16819.1391;11874.0543;0.99;213.4;258.5;11
1778233018254;16819.1387;11874.0519;1.05;213.4;258.1;10
1778233019907;16819.1377;11874.0495;1.07;213.4;257.9;8
1778233021602;16819.1372;11874.0464;1.07;213.4;258.2;7
1778233023249;16819.1368;11874.0438;1.10;213.4;258.1;6
1778233025521;16819.1372;11874.0402;1.17;213.4;257.5;6
1778233027916;16819.1377;11874.0367;1.06;213.4;257.0;5
1778233029405;16819.1367;11874.0351;1.08;213.4;256.9;5
1778233030964;16819.1348;11874.0337;1.09;214.9;257.3;5
1778233032644;16819.1334;11874.0326;1.07;214.9;256.7;4
1778233034560;16819.1313;11874.0310;1.03;214.9;256.6;4
1778233036780;16819.1300;11874.0314;0.82;214.9;256.5;4
1778233038629;16819.1294;11874.0318;0.34;214.9;256.4;4
1778233040379;16819.1287;11874.0316;0.52;214.9;256.0;5
1778233042159;16819.1260;11874.0306;1.05;211.3;256.2;5
1778233043897;16819.1236;11874.0288;1.15;211.3;256.2;5
1778233045689;16819.1212;11874.0277;1.14;211.3;256.1;6
1778233047548;16819.1193;11874.0264;1.04;211.3;256.0;6
1778233049497;16819.1176;11874.0247;0.98;211.3;255.7;6
1778233051367;16819.1164;11874.0226;1.02;211.3;255.8;6
1778233053163;16819.1148;11874.0204;1.11;211.3;255.8;6
1778233054942;16819.1141;11874.0181;1.12;211.3;255.7;6
1778233056594;16819.1126;11874.0161;1.12;211.3;255.7;6
1778233058841;16819.1114;11874.0129;1.14;211.3;254.9;6
1778233060647;16819.1101;11874.0104;1.12;211.3;255.2;6
1778233062230;16819.1088;11874.0084;1.14;211.3;255.2;6
1778233064523;16819.1075;11874.0047;1.11;211.3;255.4;6
1778233066191;16819.1064;11874.0030;1.13;212.2;254.9;6
1778233067899;16819.1050;11874.0001;1.16;210.7;254.8;5
1778233070201;16819.1039;11873.9967;1.16;210.7;255.2;5
1778233071635;16819.1035;11873.9948;1.10;210.7;255.2;5
1778233073565;16819.1037;11873.9928;1.11;210.7;255.2;5
1778233074974;16819.1032;11873.9894;1.10;210.7;254.7;5
1778233076693;16819.1033;11873.9868;1.10;210.7;254.7;5
1778233078528;16819.1020;11873.9839;1.13;210.7;254.9;5
1778233080324;16819.1014;11873.9813;1.13;210.7;254.9;5
1778233082115;16819.1011;11873.9782;1.09;210.7;255.5;5
1778233083626;16819.1007;11873.9765;1.10;210.7;255.4;4
1778233085624;16819.1002;11873.9738;1.12;210.7;255.5;4
1778233088058;16819.0991;11873.9707;1.07;210.4;255.5;4
1778233089648;16819.0987;11873.9686;1.08;210.4;255.7;4
1778233091782;16819.0981;11873.9659;1.05;210.4;255.8;4
1778233094354;16819.0979;11873.9630;1.04;210.4;255.9;4
1778233096036;16819.0980;11873.9612;1.08;210.4;255.9;5
1778233098101;16819.0981;11873.9587;1.05;210.4;256.1;4
1778233099454;16819.0984;11873.9576;0.98;210.4;256.4;4
1778233101559;16819.0981;11873.9556;0.95;210.4;256.7;4
1778233103004;16819.0979;11873.9557;0.89;210.4;256.9;4
1778233104650;16819.0966;11873.9547;0.50;210.4;256.9;4
1778233107670;16819.0967;11873.9558;0.11;210.4;257.2;4
1778233109110;16819.0970;11873.9564;0.14;210.4;257.2;4
1778233110628;16819.0973;11873.9563;0.15;210.4;257.4;3
1778233113356;16819.0977;11873.9562;0.11;210.4;257.4;3
1778233116623;16819.0985;11873.9560;0.05;210.4;257.1;3
1778233119628;16819.0988;11873.9559;0.06;210.4;257.4;3
1778233122651;16819.0989;11873.9558;0.06;210.4;257.4;3
1778233125041;16819.0990;11873.9558;0.06;210.4;257.4;3
1778233128665;16819.0991;11873.9557;0.05;210.4;257.4;3
1778233131657;16819.0991;11873.9557;0.05;210.4;257.4;3
1778233134641;16819.0991;11873.9557;0.04;210.4;257.4;3
1778233137650;16819.0983;11873.9557;0.35;210.4;257.0;3
1778233139235;16819.0976;11873.9558;0.54;210.4;257.1;3
1778233143652;16819.0968;11873.9566;0.25;210.4;257.5;4
1778233146643;16819.0972;11873.9565;0.22;210.4;257.7;3
1778233148511;16819.0972;11873.9567;0.22;210.4;257.7;3
1778233150573;16819.0959;11873.9567;0.48;210.4;257.2;3
1778233152107;16819.0941;11873.9567;0.81;210.4;257.2;4
1778233153633;16819.0918;11873.9550;0.83;210.4;257.7;4
1778233155194;16819.0898;11873.9544;0.85;210.4;257.8;4
1778233156815;16819.0884;11873.9544;0.84;210.4;257.8;4
1778233158335;16819.0870;11873.9538;0.84;210.4;257.9;4
1778233159785;16819.0854;11873.9541;0.87;210.4;258.0;4
1778233161230;16819.0837;11873.9537;0.87;210.4;258.0;4
1778233162756;16819.0820;11873.9545;0.87;210.4;258.1;3
1778233164155;16819.0804;11873.9544;0.89;210.4;258.3;3
1778233165616;16819.0789;11873.9553;0.90;214.0;258.1;4
1778233167008;16819.0773;11873.9554;0.90;214.0;258.3;4
1778233168513;16819.0758;11873.9556;0.89;214.0;258.4;4
1778233169890;16819.0738;11873.9558;0.91;214.0;258.6;4
1778233171392;16819.0726;11873.9560;0.94;214.0;259.0;4
1778233172868;16819.0707;11873.9561;0.99;214.0;259.2;4
1778233174228;16819.0691;11873.9564;1.02;214.0;259.4;4
1778233175623;16819.0674;11873.9565;1.03;214.0;259.5;4
1778233177102;16819.0661;11873.9569;0.95;214.0;259.7;4
1778233178468;16819.0646;11873.9578;0.95;214.0;259.9;4
1778233179875;16819.0634;11873.9586;0.92;214.0;259.6;4
1778233181360;16819.0617;11873.9591;1.00;214.0;259.7;4
1778233182741;16819.0601;11873.9605;1.01;214.0;260.0;4
1778233184239;16819.0585;11873.9614;0.98;214.0;260.0;3
1778233185809;16819.0572;11873.9625;0.99;214.0;260.3;4
1778233187772;16819.0547;11873.9630;0.95;214.0;260.5;3
1778233189240;16819.0535;11873.9638;0.94;214.0;260.4;3
1778233190822;16819.0519;11873.9641;0.91;214.0;260.9;3
1778233192886;16819.0497;11873.9641;0.91;217.4;261.1;3
1778233194635;16819.0476;11873.9636;1.00;217.4;261.2;4
1778233196160;16819.0459;11873.9635;0.93;217.4;261.4;4
1778233197585;16819.0442;11873.9638;0.93;217.4;261.5;4
1778233199935;16819.0431;11873.9643;0.89;217.4;261.8;4
1778233201696;16819.0451;11873.9641;0.65;217.4;261.7;4
1778233203061;16819.0460;11873.9639;0.54;217.4;261.8;4
1778233206648;16819.0454;11873.9635;0.14;217.4;261.8;3
1778233209661;16819.0449;11873.9633;0.06;217.4;262.5;3
1778233211515;16819.0447;11873.9633;0.07;217.4;262.3;3
1778233215627;16819.0447;11873.9632;0.05;217.4;261.9;3
1778233218657;16819.0447;11873.9632;0.05;217.4;262.0;3
1778233221668;16819.0446;11873.9631;0.07;217.4;262.0;3
1778233223914;16819.0447;11873.9632;0.02;217.4;262.0;3
1778233226240;16819.0447;11873.9633;0.00;217.4;261.9;3
1778233227651;16819.0447;11873.9633;0.01;217.4;261.9;3
1778233230663;16819.0447;11873.9634;0.01;217.4;262.3;3
1778233233661;16819.0447;11873.9635;0.03;217.4;262.0;3
1778233236651;16819.0447;11873.9635;0.02;217.4;262.0;3
1778233238544;16819.0447;11873.9636;0.03;217.4;262.0;3
1778233242659;16819.0447;11873.9636;0.33;217.4;262.2;3
1778233244689;16819.0450;11873.9633;0.34;217.4;262.2;3
1778233246680;16819.0447;11873.9634;0.37;217.4;262.0;3
1778233248220;16819.0444;11873.9629;0.53;217.4;262.1;3
1778233249861;16819.0418;11873.9636;0.67;217.4;262.1;3
1778233251229;16819.0406;11873.9634;0.76;217.4;262.1;3
1778233252803;16819.0376;11873.9640;0.77;217.4;262.3;4
1778233254360;16819.0355;11873.9634;0.82;217.4;262.5;4
1778233256023;16819.0336;11873.9638;0.81;217.4;262.7;4
1778233257649;16819.0323;11873.9637;0.72;217.4;263.0;5
1778233260644;16819.0300;11873.9637;0.47;217.4;263.6;6
1778233263639;16819.0303;11873.9638;0.09;217.4;263.3;6
1778233265018;16819.0302;11873.9641;0.17;217.4;263.3;6
1778233266544;16819.0300;11873.9641;0.22;217.4;263.3;6
1778233268493;16819.0268;11873.9668;0.78;217.4;263.4;5
1778233270373;16819.0263;11873.9691;0.89;217.4;263.4;5
1778233272209;16819.0273;11873.9702;0.98;217.4;263.5;4
1778233274236;16819.0255;11873.9750;1.18;216.9;263.7;4
1778233276269;16819.0244;11873.9784;1.23;216.9;263.9;4
1778233277920;16819.0243;11873.9807;1.21;216.9;264.2;3
1778233279470;16819.0229;11873.9825;1.17;216.9;264.2;3
1778233281427;16819.0219;11873.9852;1.09;220.7;264.3;3
1778233282973;16819.0198;11873.9863;1.04;220.7;264.4;3
1778233284640;16819.0186;11873.9880;1.08;220.7;264.5;4
1778233286184;16819.0171;11873.9900;1.09;220.7;264.6;4
1778233287641;16819.0154;11873.9897;1.04;220.7;264.7;4
1778233288945;16819.0149;11873.9880;0.99;220.7;264.7;4
1778233290654;16819.0132;11873.9871;1.00;220.7;264.9;4
1778233291968;16819.0119;11873.9886;1.01;220.7;264.9;4
1778233293377;16819.0100;11873.9899;1.02;220.7;265.0;4
1778233295293;16819.0114;11873.9949;1.06;220.7;265.1;4
1778233297149;16819.0123;11873.9982;1.09;220.7;265.3;4
1778233298975;16819.0133;11874.0011;1.10;220.6;265.5;4
1778233300831;16819.0124;11874.0044;1.13;220.6;265.5;4
1778233302649;16819.0128;11874.0066;1.13;220.6;265.7;4
1778233305111;16819.0105;11874.0108;1.12;220.6;265.9;3
1778233306923;16819.0085;11874.0133;1.16;220.6;266.2;3
1778233308662;16819.0071;11874.0155;1.13;220.6;266.2;3
1778233310013;16819.0062;11874.0175;1.13;220.6;266.3;3
1778233311659;16819.0054;11874.0196;1.13;220.6;266.5;3
1778233313717;16819.0047;11874.0225;1.10;220.6;266.7;3
1778233315509;16819.0031;11874.0246;1.09;220.6;266.7;3
1778233317441;16819.0025;11874.0269;1.03;220.6;267.0;3
1778233319210;16819.0012;11874.0292;1.14;221.1;267.1;3
1778233320658;16819.0006;11874.0313;1.18;221.1;267.1;4
1778233321963;16818.9995;11874.0334;1.12;221.1;267.2;4
1778233323652;16818.9992;11874.0351;1.07;221.1;267.3;4
1778233325039;16818.9986;11874.0365;1.08;221.1;267.4;3
1778233326654;16818.9983;11874.0385;1.10;221.1;267.5;4
1778233328195;16818.9974;11874.0400;1.15;221.1;267.6;4
1778233329647;16818.9968;11874.0424;1.18;221.1;267.6;4
1778233331473;16818.9955;11874.0438;1.23;221.1;267.7;4
1778233333418;16818.9943;11874.0460;1.23;221.1;267.8;4
1778233334790;16818.9935;11874.0479;1.20;221.1;267.9;4
1778233336155;16818.9926;11874.0487;1.02;221.1;268.3;4
1778233338003;16818.9920;11874.0508;1.08;225.3;268.4;4
1778233340039;16818.9927;11874.0534;1.04;221.1;268.4;4
1778233341411;16818.9925;11874.0554;1.06;221.1;268.5;4
1778233343676;16818.9908;11874.0567;0.94;226.3;268.6;4
1778233347659;16818.9913;11874.0558;0.15;225.3;268.8;4
1778233350642;16818.9919;11874.0555;0.11;225.3;269.0;3
1778233352620;16818.9921;11874.0557;0.15;221.1;269.0;3
1778233354391;16818.9923;11874.0563;0.29;222.6;269.2;3
1778233356107;16818.9927;11874.0578;0.57;222.6;269.2;3
1778233357800;16818.9928;11874.0599;0.75;222.6;269.4;3
1778233359391;16818.9917;11874.0620;0.87;226.3;269.6;4
1778233361029;16818.9931;11874.0632;0.83;222.6;269.7;4
1778233362596;16818.9940;11874.0646;0.79;222.6;269.8;4
1778233364196;16818.9943;11874.0664;0.91;222.6;269.7;4
1778233365647;16818.9943;11874.0681;1.00;222.6;269.9;4
1778233367282;16818.9932;11874.0699;0.97;222.6;270.0;4
1778233368751;16818.9928;11874.0713;0.98;222.6;270.3;4
1778233370302;16818.9928;11874.0727;0.95;222.6;270.4;4
1778233371793;16818.9928;11874.0740;0.94;222.6;270.4;4
1778233373244;16818.9929;11874.0758;0.95;222.6;270.6;4
1778233374688;16818.9929;11874.0771;0.93;222.6;270.9;4
1778233376185;16818.9927;11874.0789;1.03;222.6;271.1;3
1778233377646;16818.9922;11874.0804;1.06;222.6;271.2;4
1778233379551;16818.9912;11874.0827;1.08;226.3;271.3;4
1778233380975;16818.9906;11874.0844;1.08;226.3;271.5;4
1778233582671;16818.9785;11874.2530;0.04;231.3;279.8;7
1778233585617;16818.9825;11874.2473;0.49;231.3;279.8;7
1778233588650;16818.9831;11874.2470;0.45;231.3;279.7;9
1778233590475;16818.9833;11874.2461;0.86;231.3;279.6;7
1778233591941;16818.9830;11874.2477;0.80;231.3;279.6;6
1778233593753;16818.9828;11874.2492;0.93;231.3;279.4;6
1778233595234;16818.9838;11874.2509;0.90;231.3;279.0;6
1778233597197;16818.9857;11874.2531;0.99;231.3;278.7;7
1778233599683;16818.9891;11874.2554;1.03;228.8;278.4;6
1778233601475;16818.9905;11874.2572;1.03;228.2;278.4;5
1778233603323;16818.9918;11874.2594;1.06;228.2;278.0;4
1778233605015;16818.9921;11874.2609;0.98;228.2;277.7;4
1778233606499;16818.9930;11874.2626;0.96;228.2;277.7;4
1778233607872;16818.9932;11874.2636;0.90;228.2;277.6;4
1778233609652;16818.9929;11874.2651;0.92;228.2;277.3;4
1778233611066;16818.9924;11874.2665;0.88;228.2;277.2;4
1778233612671;16818.9922;11874.2677;0.87;228.2;276.9;4
1778233614205;16818.9922;11874.2693;0.90;228.2;276.8;4
1778233615565;16818.9918;11874.2706;0.88;228.2;276.9;4
1778233617573;16818.9919;11874.2728;0.84;228.2;276.9;4
1778233619458;16818.9922;11874.2749;0.88;228.2;276.8;4
1778233621455;16818.9916;11874.2772;0.92;228.2;276.7;4
1778233623318;16818.9912;11874.2793;0.95;228.2;276.3;4
1778233625288;16818.9920;11874.2817;0.94;228.2;276.1;4
1778233627073;16818.9925;11874.2834;0.95;228.2;275.8;4
1778233629542;16818.9941;11874.2870;0.97;227.9;276.0;4
1778233631450;16818.9951;11874.2892;0.94;227.9;275.8;4
1778233633163;16818.9953;11874.2912;0.91;227.9;275.8;4
1778233634568;16818.9963;11874.2936;0.94;227.9;275.8;4
1778233636660;16818.9970;11874.2955;0.89;227.9;275.3;4
1778233638426;16818.9983;11874.2980;0.91;227.9;275.2;4
1778233640254;16819.0000;11874.2996;0.94;227.9;274.9;4
1778233641738;16819.0015;11874.3006;0.92;227.9;275.1;4
1778233643733;16819.0035;11874.3020;0.89;227.9;275.0;4
1778233645157;16819.0050;11874.3027;0.82;227.9;274.9;4
1778233647056;16819.0071;11874.3036;0.84;227.9;274.8;4
1778233648628;16819.0088;11874.3040;0.87;227.9;274.7;4
1778233650272;16819.0111;11874.3041;0.87;227.9;274.6;4
1778233652085;16819.0128;11874.3037;0.88;227.9;274.2;4
1778233654660;16819.0148;11874.3035;0.65;227.9;273.9;4
1778233656389;16819.0149;11874.3034;0.38;227.9;273.9;4
1778233657761;16819.0149;11874.3032;0.12;227.9;273.9;3
1778233660276;16819.0144;11874.3034;0.16;227.9;274.0;3
1778233661692;16819.0131;11874.3035;0.41;227.9;274.0;3
1778233663633;16819.0113;11874.3045;0.77;227.9;273.9;3
1778233664992;16819.0093;11874.3061;0.92;227.9;274.0;3
1778233666633;16819.0079;11874.3077;0.99;227.9;273.9;4
1778233668170;16819.0052;11874.3083;0.99;227.9;274.1;4
1778233669601;16819.0032;11874.3079;1.01;227.9;274.3;4
1778233671007;16819.0007;11874.3062;1.04;227.9;274.2;4
1778233672455;16818.9988;11874.3053;0.98;227.9;274.4;4
1778233673850;16818.9968;11874.3045;0.95;227.9;274.6;4
1778233675646;16818.9949;11874.3044;0.74;227.9;274.8;4
1778233677040;16818.9936;11874.3042;0.71;227.9;274.9;4
1778233678415;16818.9922;11874.3042;0.72;227.9;275.1;4
1778233679854;16818.9913;11874.3044;0.69;227.9;275.2;4
1778233681661;16818.9906;11874.3043;0.48;227.9;275.2;4
1778233684672;16818.9914;11874.3044;0.12;227.9;275.5;4
1778233687070;16818.9919;11874.3044;0.04;227.9;275.5;3
1778233688724;16818.9918;11874.3044;0.09;227.9;275.6;3
1778233690663;16818.9916;11874.3044;0.10;227.9;275.7;3
1778233692434;16818.9914;11874.3043;0.10;227.9;275.7;3
1778233694569;16818.9914;11874.3044;0.11;227.9;275.8;3
1778233696632;16818.9912;11874.3043;0.19;227.9;275.9;3
1778233698047;16818.9905;11874.3043;0.38;227.9;276.0;3
1778233699706;16818.9889;11874.3041;0.66;227.9;275.7;4
1778233701053;16818.9867;11874.3040;0.72;227.9;276.0;4
1778233715802;16818.9842;11874.3064;0.40;231.0;278.4;33
1778233717318;16818.9842;11874.3068;0.59;231.0;278.4;30
1778233719507;16818.9845;11874.3082;0.79;231.0;278.6;22
1778233721397;16818.9845;11874.3111;0.90;231.0;278.8;17
1778233723659;16818.9850;11874.3135;0.82;231.0;279.0;11
1778233725382;16818.9858;11874.3154;0.80;234.2;279.0;8
1778233726734;16818.9863;11874.3170;0.86;229.1;278.6;6
1778233728657;16818.9869;11874.3192;0.91;229.1;278.6;5
1778233730704;16818.9876;11874.3222;0.95;229.1;278.8;5
1778233732086;16818.9883;11874.3238;0.96;229.1;278.9;5
1778233734455;16818.9891;11874.3270;1.03;229.1;278.9;5
1778233736555;16818.9889;11874.3296;1.02;229.1;279.0;5
1778233738036;16818.9895;11874.3315;1.00;229.1;279.0;5
1778233739660;16818.9893;11874.3328;1.02;229.1;279.4;5
1778233741060;16818.9896;11874.3346;1.02;229.1;279.4;5
1778233743049;16818.9894;11874.3368;1.00;229.1;279.1;5
1778233744585;16818.9896;11874.3387;0.96;229.1;279.1;5
1778233746290;16818.9889;11874.3411;0.94;229.1;279.0;4
1778233748224;16818.9892;11874.3436;0.96;231.4;279.2;4
1778233749588;16818.9895;11874.3452;1.00;231.4;279.2;4
1778233751576;16818.9892;11874.3477;0.99;231.4;279.5;4
1778233752990;16818.9902;11874.3494;0.99;231.4;279.5;5
1778233755061;16818.9905;11874.3514;0.98;231.4;279.4;5
1778233756650;16818.9908;11874.3535;0.96;231.4;279.6;5
1778233759411;16818.9891;11874.3562;0.72;231.4;279.6;5
1778233761225;16818.9885;11874.3570;0.69;231.4;279.5;5
1778233762662;16818.9888;11874.3580;0.59;231.4;279.8;5
1778233764622;16818.9902;11874.3596;0.71;231.4;279.8;4
1778233766500;16818.9917;11874.3621;0.86;231.4;279.8;4
1778233768656;16818.9920;11874.3649;0.84;231.4;279.6;4
1778233770258;16818.9924;11874.3668;0.83;231.4;279.6;4
1778233772380;16818.9920;11874.3692;0.85;231.4;279.6;4
1778233774321;16818.9917;11874.3716;0.89;232.4;279.6;4
1778233775707;16818.9913;11874.3728;0.84;232.4;279.5;4
1778233777216;16818.9911;11874.3745;0.90;232.4;279.5;4
1778233779164;16818.9911;11874.3769;0.95;232.4;279.6;4
1778233780666;16818.9913;11874.3789;0.96;232.4;279.6;4
1778233782299;16818.9907;11874.3810;0.99;232.4;279.7;4
1778233784404;16818.9906;11874.3835;0.94;232.4;279.6;5
1778233786183;16818.9912;11874.3856;0.96;232.4;279.6;5
1778233788003;16818.9914;11874.3877;0.89;232.4;279.6;4
1778233789654;16818.9907;11874.3885;0.71;232.4;279.7;5
1778233792652;16818.9919;11874.3874;0.16;232.4;280.0;5
1778233794603;16818.9919;11874.3869;0.12;232.4;280.0;5
1778233796666;16818.9925;11874.3869;0.17;232.4;280.0;4
1778233798626;16818.9931;11874.3887;0.39;232.4;280.0;4
1778233799973;16818.9938;11874.3903;0.56;232.4;280.0;4
1778233801645;16818.9946;11874.3930;0.94;232.4;279.8;4
1778233803079;16818.9949;11874.3951;0.92;232.4;279.8;3
1778233804640;16818.9950;11874.3967;0.87;232.4;279.9;4
1778233806045;16818.9949;11874.3981;0.84;232.4;279.8;4
1778233807634;16818.9960;11874.3991;0.84;232.4;279.9;4
1778233809001;16818.9972;11874.4002;0.91;232.1;279.9;4
1778233810488;16818.9979;11874.4022;0.98;232.1;279.7;5
1778233812383;16818.9978;11874.4045;0.99;232.1;279.7;5
1778233814356;16818.9966;11874.4069;0.97;232.1;279.7;5
1778233816224;16818.9966;11874.4090;0.95;232.1;279.8;5
1778233818104;16818.9964;11874.4115;0.92;232.1;279.4;5
1778233819653;16818.9965;11874.4132;0.87;232.1;279.9;5
1778233821016;16818.9970;11874.4140;0.76;232.1;279.9;5
1778233822366;16818.9974;11874.4149;0.69;232.1;279.9;5
1778233823932;16818.9973;11874.4154;0.66;232.1;280.0;5
1778233825638;16818.9973;11874.4172;0.64;232.1;279.8;5
1778233827508;16818.9982;11874.4187;0.79;232.1;279.8;5
1778233829283;16818.9987;11874.4208;0.91;232.1;279.6;4
1778233830754;16818.9997;11874.4225;0.96;232.1;279.5;4
1778233849622;16819.0041;11874.4266;0.97;232.1;279.1;17
1778233851623;16819.0149;11874.4385;0.15;230.1;279.4;9
1778233854643;16819.0119;11874.4412;0.46;230.1;279.5;11
1778233857649;16819.0101;11874.4413;0.45;232.7;279.5;19
1778233859346;16819.0083;11874.4439;0.01;232.7;279.5;13
1778233861131;16819.0084;11874.4443;0.16;232.7;279.5;6
1778233862490;16819.0086;11874.4443;0.26;232.7;279.5;5
1778233863995;16819.0077;11874.4453;0.59;232.7;279.3;3
1778233866050;16819.0058;11874.4465;0.86;232.7;279.3;3
1778233868181;16819.0029;11874.4476;0.93;232.7;279.5;3
1778233869598;16819.0013;11874.4482;0.95;232.7;279.7;4
1778233871437;16818.9988;11874.4492;1.01;232.7;279.5;4
1778233872887;16818.9971;11874.4496;0.99;232.7;279.7;5
1778233874669;16818.9949;11874.4503;0.97;232.7;279.9;5
1778233876036;16818.9936;11874.4505;1.00;232.7;280.1;5
1778234460636;16818.6417;11874.4456;0.28;259.3;307.9;7
1778234463687;16818.6412;11874.4431;4.03;259.3;308.0;14
1778234466656;16818.6523;11874.4403;3.95;259.3;308.0;29
1778234469653;16818.6414;11874.4399;0.04;259.3;308.0;22
1778234471885;16818.6396;11874.4401;0.04;260.7;308.0;4
1778234473579;16818.6396;11874.4400;0.40;260.7;308.0;3
1778234475668;16818.6397;11874.4400;0.41;260.7;308.0;3
1778234612637;16818.6022;11874.3152;0.26;261.0;307.7;7
1778234615671;16818.6024;11874.3103;0.60;261.0;308.2;7
1778234618201;16818.6017;11874.3083;0.75;261.0;307.5;6
1778234619917;16818.6010;11874.3078;0.90;261.0;307.4;9
1778234621360;16818.6000;11874.3075;0.91;261.0;307.4;10
1778234622789;16818.5976;11874.3096;0.87;261.0;308.0;10
1778234624226;16818.5949;11874.3099;0.96;261.0;308.1;10
1778234625775;16818.5928;11874.3116;0.94;261.0;308.6;8
1778234627271;16818.5912;11874.3123;0.91;261.0;308.7;7
1778234629194;16818.5898;11874.3145;0.97;261.0;307.9;6
1778234630685;16818.5880;11874.3153;1.00;261.0;308.4;6
1778234926687;16818.2523;11874.3676;0.29;271.6;320.9;8
1778234929680;16818.2520;11874.3713;0.14;271.6;320.9;7
1778234932681;16818.2519;11874.3714;0.14;271.6;321.1;9
1778234935665;16818.2520;11874.3720;0.01;271.6;321.1;10
1778234938672;16818.2525;11874.3725;0.01;271.6;321.0;7
1778234941087;16818.2526;11874.3726;0.05;271.6;321.0;6
1778234942977;16818.2528;11874.3728;0.01;271.6;321.5;4
1778234944692;16818.2529;11874.3729;0.12;271.6;322.8;3
1778234947692;16818.2530;11874.3728;0.36;271.6;321.4;3
1778234950689;16818.2528;11874.3721;0.66;271.6;322.7;3
1778234952037;16818.2529;11874.3717;0.68;271.6;322.7;3
1778234953404;16818.2530;11874.3714;0.71;271.6;322.6;4
1778234955233;16818.2510;11874.3676;0.87;271.6;322.3;5
1778234956673;16818.2497;11874.3658;0.92;271.6;321.6;5
1778234958303;16818.2486;11874.3638;0.98;271.6;321.6;5
1778234960070;16818.2486;11874.3616;0.88;271.6;322.4;5
1778234961946;16818.2485;11874.3595;0.89;271.6;321.1;5
1778234963870;16818.2469;11874.3577;0.91;271.6;321.0;5
1778234965696;16818.2463;11874.3559;0.94;271.6;321.6;5
1778234967539;16818.2439;11874.3544;1.02;271.6;321.5;5
1778234969335;16818.2426;11874.3527;1.07;270.9;320.2;5
1778234970764;16818.2410;11874.3511;1.03;270.9;320.1;5
1778234972808;16818.2404;11874.3493;0.93;270.9;321.1;5
1778234974715;16818.2397;11874.3482;0.85;270.9;320.8;5
1778234976037;16818.2389;11874.3472;0.88;270.9;320.7;5
1778234977447;16818.2376;11874.3463;0.89;270.9;319.6;4
1778234979218;16818.2372;11874.3443;0.93;270.9;320.6;4
1778234980684;16818.2363;11874.3430;0.92;270.9;320.4;4
1778234982423;16818.2348;11874.3413;1.01;270.9;320.3;4
1778234984111;16818.2334;11874.3397;1.01;270.9;320.1;4
1778234986070;16818.2314;11874.3378;1.03;270.9;320.0;4
1778234987771;16818.2302;11874.3364;1.01;270.9;319.8;4
1778234989150;16818.2287;11874.3363;0.98;270.9;318.6;4
1778234990871;16818.2285;11874.3344;0.98;270.9;319.6;4
1778234992568;16818.2271;11874.3317;1.11;270.9;319.4;4
1778234994420;16818.2267;11874.3296;1.10;270.9;319.3;4
1778234996185;16818.2256;11874.3279;1.02;270.9;317.9;4
1778234998048;16818.2239;11874.3263;1.03;270.9;317.7;5
1778234999687;16818.2221;11874.3254;1.00;270.9;318.9;5
1778235001035;16818.2205;11874.3244;0.99;272.8;318.8;5
1778235002848;16818.2188;11874.3232;1.09;272.8;318.7;5
1778235004501;16818.2170;11874.3217;1.11;272.8;317.5;5
1778235006440;16818.2151;11874.3203;1.08;270.4;318.4;5
1778235008178;16818.2129;11874.3195;1.01;270.4;318.2;6
1778235010000;16818.2113;11874.3185;1.01;270.4;318.1;6
1778235011896;16818.2092;11874.3173;1.03;270.4;318.1;5
1778235013664;16818.2074;11874.3164;0.97;270.4;318.0;5
1778235015668;16818.2055;11874.3148;0.89;270.4;316.7;5
1778235017457;16818.2032;11874.3152;1.01;270.4;317.3;5
1778235019201;16818.2010;11874.3146;1.03;270.4;317.6;5
1778235020964;16818.1982;11874.3154;1.07;270.4;317.4;5
1778235022707;16818.1959;11874.3144;1.08;270.4;316.0;5
1778235024403;16818.1939;11874.3137;1.05;270.4;315.9;4
1778235026231;16818.1921;11874.3126;1.00;270.4;317.1;4
1778235027942;16818.1904;11874.3112;1.01;270.4;317.0;4
1778235029869;16818.1884;11874.3104;0.96;270.4;316.9;4
1778235031707;16818.1872;11874.3092;0.91;267.3;316.8;4
1778235032987;16818.1851;11874.3096;0.94;267.3;316.8;4
1778235034690;16818.1829;11874.3091;1.05;267.3;316.3;4
1778235036382;16818.1808;11874.3100;1.07;267.3;316.2;4
1778235038367;16818.1778;11874.3105;1.03;267.3;315.4;4
1778235040021;16818.1757;11874.3111;1.08;267.3;316.4;4
1778235041722;16818.1732;11874.3113;1.12;267.3;315.8;4
1778235043708;16818.1703;11874.3103;1.11;267.3;315.1;4
1778235045008;16818.1681;11874.3099;1.09;267.3;315.0;4
1778235046716;16818.1662;11874.3087;1.07;267.3;315.0;4
1778235048689;16818.1638;11874.3077;1.00;267.3;314.9;4
1778235050478;16818.1612;11874.3073;1.06;267.3;314.6;4
1778235052088;16818.1588;11874.3071;1.07;267.3;314.5;4
1778235053910;16818.1566;11874.3066;1.06;264.2;314.4;4
1778235055456;16818.1543;11874.3063;1.09;264.2;314.3;4
1778235057348;16818.1520;11874.3056;1.07;264.2;314.2;4
1778235058915;16818.1499;11874.3044;1.07;264.2;314.1;4
1778235060804;16818.1478;11874.3035;1.09;264.2;314.0;4
1778235062344;16818.1458;11874.3023;1.11;264.2;313.9;4
1778235064202;16818.1433;11874.3012;1.15;264.2;314.0;4
1778235065782;16818.1422;11874.3007;1.13;264.2;313.8;4
1778235067691;16818.1388;11874.2988;1.12;264.2;313.8;4
1778235069569;16818.1366;11874.2975;1.01;264.2;313.7;4
1778235071499;16818.1345;11874.2967;0.92;264.2;313.8;4
1778235073114;16818.1334;11874.2966;0.84;264.2;313.7;4
1778235076674;16818.1328;11874.2975;0.06;264.2;313.1;3
1778235079685;16818.1331;11874.2978;0.05;264.2;313.6;3
1778235082704;16818.1333;11874.2978;0.07;264.2;313.0;3
1778235084651;16818.1331;11874.2979;0.08;264.2;313.0;3
1778235086647;16818.1330;11874.2981;0.12;264.2;313.0;3
1778235088492;16818.1333;11874.2989;0.42;264.2;313.3;3
1778235090267;16818.1344;11874.3012;0.92;264.2;313.1;3
1778235091669;16818.1355;11874.3029;0.99;264.2;313.0;3
1778235961756;16818.2230;11874.7225;0.10;246.2;297.9;9
1778235964679;16818.2243;11874.7183;0.11;246.2;297.2;5
1778239386844;16817.9651;11874.4929;0.29;231.6;274.0;10
1778239389757;16817.9672;11874.4954;0.10;231.6;285.0;12
1778239392739;16817.9683;11874.4958;0.09;231.6;285.0;19
1778239395755;16817.9688;11874.4966;0.02;231.6;285.0;14
1778239398798;16817.9689;11874.4968;0.02;231.6;285.0;3
1778239400914;16817.9689;11874.4968;0.02;231.6;285.0;3
1778239402483;16817.9690;11874.4968;0.24;231.6;285.0;3
1778239404508;16817.9691;11874.4967;0.24;231.6;285.1;3
1778239849735;16817.7182;11874.3553;0.25;244.6;291.8;10
1778239852768;16817.7198;11874.3550;1.51;244.6;291.8;16
1778239855755;16817.7205;11874.3505;1.50;244.6;291.8;29
1778239858752;16817.7221;11874.3535;0.01;244.6;291.7;14
1778239861768;16817.7221;11874.3534;0.02;244.6;291.7;3
1778239864628;16817.7221;11874.3533;0.02;244.6;291.8;3
1778239867731;16817.7222;11874.3532;0.02;244.6;281.0;3
1778239870750;16817.7222;11874.3532;0.02;244.6;281.0;3
1778239873752;16817.7222;11874.3532;0.03;244.6;281.0;3
1778243082868;16817.4426;11873.8082;1.10;279.1;317.0;9
1778243085826;16817.4345;11873.8040;4.76;279.1;329.0;17
1778243088847;16817.4331;11873.8001;4.33;279.1;324.0;14
1778243091106;16817.4333;11873.7999;0.18;279.1;324.0;3
1778243094856;16817.4342;11873.7998;0.09;279.1;324.1;3
1778243097351;16817.4341;11873.7997;0.13;279.1;324.1;3
1778243100851;16817.4342;11873.7993;0.09;279.1;324.1;3
1778243102345;16817.4342;11873.7993;0.06;279.1;324.1;3
1778243103878;16817.4341;11873.7993;0.09;279.1;324.1;3
1778243105569;16817.4343;11873.7991;0.13;279.1;324.1;3
1778243107035;16817.4345;11873.7990;0.13;279.1;324.1;4
1778243109153;16817.4348;11873.7990;0.18;279.1;324.1;4
1778243111638;16817.4346;11873.7994;0.24;279.1;323.7;4
1778243113141;16817.4353;11873.7998;0.58;279.1;323.6;4
1778243114491;16817.4363;11873.7992;0.68;279.1;323.5;5
1778243115959;16817.4370;11873.7976;0.62;279.1;323.5;6
1778243117649;16817.4380;11873.7970;0.78;279.1;323.5;7
1778243119871;16817.4397;11873.7968;0.85;279.1;323.5;9
1778243121314;16817.4397;11873.7975;0.78;279.1;323.5;9
1778243122866;16817.4389;11873.7983;0.67;279.1;323.5;9
1778243124874;16817.4384;11873.7985;0.46;279.1;323.6;8
1778243126725;16817.4380;11873.7981;0.21;279.1;323.5;7
1778243129313;16817.4384;11873.7980;0.12;279.1;323.4;7
1778243130850;16817.4387;11873.7979;0.11;279.1;323.3;7
1778243133657;16817.4387;11873.7978;0.07;279.1;323.3;7
1778243136665;16817.4389;11873.7976;0.08;279.1;323.2;7
1778243139837;16817.4395;11873.7977;0.11;279.1;323.2;7
1778243141428;16817.4402;11873.7970;0.12;279.1;323.3;7
1778243142832;16817.4402;11873.7964;0.17;279.1;323.3;7
1778243145345;16817.4392;11873.7942;0.64;279.1;323.5;7
1778243147500;16817.4378;11873.7900;1.17;276.7;324.0;7
1778243149649;16817.4372;11873.7860;1.24;276.7;324.2;7
1778243151347;16817.4370;11873.7826;1.28;276.7;323.9;7
1778243152934;16817.4378;11873.7800;1.33;276.7;323.7;7
1778243154874;16817.4391;11873.7770;1.33;276.7;323.7;7
1778243157135;16817.4406;11873.7733;1.31;276.7;323.6;7
1778243159414;16817.4426;11873.7698;1.23;276.7;323.6;7
1778243160863;16817.4439;11873.7685;1.17;276.7;323.5;7
1778243162930;16817.4457;11873.7665;1.06;276.7;323.6;7
1778243165359;16817.4479;11873.7658;1.03;276.7;323.5;8
1778243166678;16817.4506;11873.7642;1.06;276.7;323.3;8
1778243169039;16817.4543;11873.7638;1.13;270.7;323.2;8
1778243170346;16817.4566;11873.7639;1.09;270.7;323.1;8
1778243172713;16817.4590;11873.7637;1.09;274.1;323.2;8
1778243175173;16817.4639;11873.7636;0.98;274.1;323.2;9
1778243177701;16817.4675;11873.7640;1.05;274.1;323.3;8
1778243180093;16817.4695;11873.7642;1.00;278.6;323.3;8
1778243181434;16817.4725;11873.7642;0.99;274.1;323.3;8
1778243184881;16817.4747;11873.7655;0.72;278.6;323.4;8
1778243186774;16817.4754;11873.7656;0.36;278.6;323.4;7
1778243190876;16817.4743;11873.7651;0.13;278.6;323.5;6
1778243192621;16817.4743;11873.7650;0.11;278.6;323.5;6
1778243194216;16817.4745;11873.7655;0.10;278.6;323.5;6
1778243195690;16817.4748;11873.7656;0.13;278.6;323.5;6
1778243199875;16817.4757;11873.7665;0.24;278.6;323.5;6
1778243202187;16817.4755;11873.7662;0.02;278.6;323.5;6
1778243203495;16817.4753;11873.7659;0.08;278.6;323.5;6
1778243205834;16817.4751;11873.7659;0.15;278.6;323.5;6
1778243208827;16817.4762;11873.7671;0.70;278.6;323.4;6
1778243211884;16817.4776;11873.7677;0.42;278.6;323.4;6
1778243214871;16817.4768;11873.7676;0.14;278.6;323.4;6
1778243216430;16817.4755;11873.7673;0.12;278.6;323.4;6
1778243217863;16817.4753;11873.7670;0.13;278.6;323.4;5
1778243220820;16817.4754;11873.7667;0.23;278.6;323.6;5
1778243223397;16817.4752;11873.7669;0.08;278.6;323.7;5
1778243226863;16817.4747;11873.7668;0.10;278.6;323.6;5
1778243228290;16817.4745;11873.7666;0.12;278.6;323.6;5
1778243229868;16817.4743;11873.7668;0.19;278.6;323.6;5
1778243231929;16817.4750;11873.7668;0.38;278.6;323.6;5
1778243233875;16817.4766;11873.7653;0.81;278.6;323.6;5
1778243235882;16817.4783;11873.7646;0.77;278.6;323.5;6
1778243237662;16817.4793;11873.7636;0.79;274.1;323.5;6
1778243239614;16817.4809;11873.7621;1.08;274.1;323.5;7
1778243241146;16817.4835;11873.7612;1.43;274.1;323.7;7
1778243243036;16817.4850;11873.7580;1.58;274.1;324.0;8
1778243244876;16817.4870;11873.7547;1.72;276.7;324.0;9
1778328675034;16817.1002;11874.7027;0.11;252.7;310.0;9
1778328678024;16817.1001;11874.7031;0.21;252.7;307.0;13
1778328681030;16817.1003;11874.7037;0.21;252.7;307.0;22
